Giorno,Shot,Beam_Type,N_Blobs,Compactness
20260415,11,Diffused,10,9.56E+15
20260415,12,Diffused,10,8.57E+15
20260415,13,Diffused,10,7.37E+15
20260415,14,Diffused,10,8.06E+15
20260415,15,Diffused,10,6.33E+15
20260415,16,Diffused,10,8.33E+15
20260415,17,Collimated,10,3.05E+15
20260415,18,Collimated,10,3.11E+16
20260415,19,Diffused,10,4.89E+16
20260415,20,Collimated,10,1.98E+16
20260415,21,Collimated,10,1.05E+15
20260415,22,Null,,
20260415,23,Null,,
20260415,24,Diffused,10,2.14E+16
20260415,25,Collimated,10,2.22E+16
20260415,26,Collimated,10,5.63E+15
20260415,27,Collimated,10,1.85E+16
20260415,28,Collimated,10,2.08E+15
20260415,29,Diffused,20,9.04E+15
20260415,30,Collimated,10,2.64E+16
20260415,31,Collimated,10,2.12E+16
20260415,32,Null,,
20260415,33,Collimated,10,2.02E+16
20260415,34,Diffused,10,1.05E+16
20260415,35,Collimated,10,1.46E+16
20260415,36,Collimated,10,2.57E+15
20260415,37,Collimated,10,1.95E+16
20260415,38,Collimated,10,2.17E+16
20260415,39,Diffused,10,2.80E+15
20260415,40,Null,0,0
20260415,41,Collimated,10,2.77E+15
20260415,42,Collimated,10,2.30E+16
20260415,43,Null,0,0
20260415,44,Null,0,0
20260415,45,Collimated,10,8.66E+14
20260415,46,Diffused,10,1.78E+16
20260415,47,Collimated,10,1.42E+15
20260415,48,Collimated,10,2.28E+16
20260415,49,Collimated,10,2.69E+15
20260415,50,Collimated,10,2.11E+16
20260415,51,Collimated,10,2.03E+16
20260415,52,Multiple,20,3.68E+16
20260415,53,Multiple,20,2.04E+16
20260415,54,Collimated,10,2.77E+16
20260415,55,Multiple,20,4.21E+16
20260415,56,Multiple,10,6.53E+15
20260415,57,Diffused,10,5.06E+14
20260415,58,Multiple,10,1.68E+16
20260415,59,Collimated,10,2.51E+16
20260415,60,Collimated,10,1.88E+16
20260415,61,Collimated,10,2.16E+15
20260415,62,Collimated,10,2.89E+16
20260415,63,Collimated,10,2.24E+16
20260415,64,Collimated,10,2.40E+16
20260415,65,Diffused,10,4.07E+16
20260415,66,Diffused,10,1.48E+16
20260415,67,Diffused,10,2.69E+15
20260415,68,Multiple,20,2.65E+16
20260415,69,Collimated,10,1.43E+16
20260416,5,Collimated,10,1.20E+15
20260416,6,Null,,
20260416,7,Diffused,10,3.13E+16
20260416,8,Collimated,10,2.15E+16
20260416,9,Multiple,10,1.97E+16
20260416,10,Multiple,20,2.63E+16
20260416,11,Multiple,20,2.77E+16
20260416,12,Null,,
20260416,13,Multiple,30,1.27E+15
20260416,14,Null,,
20260416,15,Multiple,20,2.06E+16
20260416,16,Null,0,0
20260416,17,Null,,
20260416,18,Collimated,10,1.34E+16
20260416,19,Collimated,10,1.13E+16
20260416,20,Collimated,10,1.07E+16
20260416,21,Collimated,10,1.66E+16
20260416,22,Collimated,10,1.24E+16
20260416,23,Collimated,10,1.50E+13
20260416,24,Collimated,10,2.16E+15
20260416,25,Collimated,10,2.32E+15
20260416,26,Collimated,10,2.08E+16
20260416,27,Collimated,10,1.26E+16
20260416,28,Collimated,10,1.35E+16
20260416,29,Null,,
20260416,30,Collimated,10,1.96E+16
20260416,31,Null,0,0
20260416,32,Null,,
20260416,33,Null,,
20260416,34,Null,,
20260416,35,Null,,
20260416,36,Null,,
20260416,37,Null,,
20260416,38,Diffused,,
20260416,39,Null,0,0
20260416,40,Null,,
20260416,41,Null,,
20260416,42,Null,,
20260416,43,Null,,
20260416,44,Diffused,0,0
20260416,45,Null,,
20260416,46,Null,,
20260416,47,Null,,
20260416,48,Collimated,10,1.74E+16
20260416,49,Null,,
20260416,50,Null,,
20260416,51,Multiple,,
20260416,52,Collimated,10,1.28E+16
20260416,53,Collimated,10,1.54E+16
20260416,54,Multiple,10,1.78E+15
20260416,55,Null,,
20260416,56,Null,,
20260416,57,Null,,
20260416,58,Null,,
20260416,59,Diffused,10,1.15E+16
20260416,60,Null,,
20260416,61,Null,,
20260416,62,Diffused,0,0
20260416,63,Diffused,20,2.09E+16
20260416,64,Diffused,10,6.98E+15
20260416,65,Multiple,30,3.33E+16
20260416,66,Collimated,10,1.67E+16
20260416,67,Collimated,10,7.86E+15
20260416,68,Collimated,10,1.54E+15
20260416,69,Multiple,20,1.29E+16
20260416,70,Collimated,10,1.23E+16
20260416,71,Collimated,10,1.25E+15
20260416,72,Multiple,20,2.49E+16
20260416,73,Diffused,,
20260416,74,Multiple,10,9.52E+15
20260416,75,Collimated,10,7.70E+14
20260416,76,Null,,
20260416,77,Collimated,10,1.42E+16
20260416,78,Diffused,,
20260416,79,Null,,
20260416,80,Multiple,20,1.12E+16
20260416,81,Collimated,10,1.65E+16
20260416,82,Collimated,10,1.95E+16
20260416,83,Diffused,0,0
20260416,84,Collimated,10,2.41E+15
20260416,85,Multiple,10,1.48E+16
20260416,86,Collimated,10,1.23E+16
20260416,87,Collimated,10,1.72E+16
20260416,88,Collimated,10,1.86E+16
20260416,89,Collimated,10,1.67E+15
20260416,90,Multiple,20,2.02E+16
20260416,91,Multiple,20,3.28E+15
20260416,92,Collimated,10,2.63E+16
20260416,93,Collimated,10,2.40E+16
20260416,94,Collimated,10,3.55E+15
20260416,95,Collimated,10,1.97E+16
20260416,96,Collimated,10,2.35E+16
20260416,97,Collimated,10,2.42E+16
20260416,98,Multiple,20,2.54E+16
20260416,99,Multiple,20,2.42E+16
20260416,100,Multiple,30,2.89E+15
20260416,101,Collimated,10,1.89E+16
20260416,102,Collimated,10,3.04E+16
20260416,103,Collimated,10,1.84E+16
20260416,104,Collimated,10,1.86E+16
20260416,105,Collimated,10,1.67E+16
20260416,106,Collimated,10,1.91E+16
20260416,107,Collimated,10,1.58E+16
20260416,108,Collimated,10,1.23E+16
20260416,109,Multiple,20,2.32E+16
20260416,110,Multiple,20,2.74E+16
20260416,111,Collimated,10,2.01E+16
20260416,112,Multiple,10,2.24E+15
20260416,113,Null,,
20260416,114,Null,,
20260416,115,Null,,
20260416,116,Null,,
20260416,117,Null,,
20260416,118,Null,,
20260416,119,Collimated,10,3.58E+16
20260416,120,Collimated,10,2.71E+15
20260416,121,Null,0,0
20260416,122,Collimated,10,2.60E+15
20260416,123,Collimated,10,3.16E+15
20260416,124,Collimated,10,2.07E+16
20260416,125,Null,,
20260416,126,Collimated,10,1.96E+15
20260416,127,Collimated,10,1.74E+16
20260416,128,Collimated,10,2.71E+16
20260416,129,Collimated,10,2.19E+15
20260416,130,Collimated,10,1.45E+16
20260416,131,Collimated,10,1.63E+15
20260416,132,Multiple,0,0
20260416,133,Collimated,10,8.69E+14
20260416,134,Null,0,0
20260416,135,Multiple,10,1.63E+16
20260416,136,Multiple,20,2.58E+16
20260416,137,Collimated,10,2.44E+15
20260416,138,Collimated,10,2.67E+15
20260416,139,Collimated,10,2.66E+15
20260416,140,Multiple,20,3.13E+16
20260416,141,Multiple,20,2.49E+16
20260416,142,Multiple,20,3.42E+16
20260416,143,Collimated,10,1.66E+16
20260416,144,Collimated,10,2.69E+15
20260416,145,Collimated,10,2.75E+15
20260416,146,Collimated,10,2.74E+15
20260416,147,Collimated,10,3.53E+16
20260416,148,Collimated,10,1.49E+16
20260416,149,Multiple,20,2.42E+16
20260416,150,Collimated,10,1.22E+16
20260416,151,Multiple,20,2.59E+14
20260416,152,Diffused,10,1.83E+15
20260416,153,Multiple,20,2.28E+15
20260416,154,Collimated,10,3.03E+16
20260416,155,Collimated,10,3.50E+15
20260416,156,Multiple,20,2.44E+16
20260416,157,Collimated,10,3.07E+14
20260416,158,Multiple,20,2.07E+14
20260416,159,Collimated,10,1.76E+15
20260416,160,Collimated,10,2.75E+15
20260416,161,Collimated,10,2.75E+15
20260416,162,Collimated,10,3.16E+15
20260416,163,Multiple,20,2.89E+15
20260416,164,Collimated,10,1.92E+16
20260416,165,Collimated,10,2.11E+15
20260416,166,Collimated,10,2.75E+16
20260416,167,Collimated,10,2.73E+15
20260416,168,Collimated,10,3.24E+15
20260416,169,Collimated,10,2.54E+15
20260416,170,Collimated,10,2.41E+16
20260416,171,Collimated,10,3.28E+15
20260416,172,Collimated,10,3.00E+16
20260416,173,Collimated,10,2.65E+15
20260416,174,Collimated,10,2.85E+14
20260416,175,Collimated,10,2.94E+16
20260416,176,Collimated,10,2.53E+15
20260416,177,Collimated,10,1.58E+16
20260416,178,Collimated,10,2.56E+15
20260416,179,Collimated,10,3.36E+16
20260416,180,Collimated,10,2.73E+16
20260416,181,Collimated,10,2.13E+16
20260416,182,Collimated,10,1.02E+16
20260416,183,Collimated,10,2.38E+16
20260416,184,Multiple,10,2.10E+16
20260416,185,Diffused,,
20260416,186,Collimated,10,1.79E+14
20260416,187,Collimated,10,2.57E+15
20260416,188,Null,,
20260416,189,Collimated,10,3.72E+14
20260416,190,Collimated,10,2.82E+16
20260416,191,Collimated,10,2.49E+16
20260416,192,Collimated,10,2.24E+16
20260416,193,Collimated,10,2.79E+15
20260416,194,Collimated,10,2.58E+16
20260416,195,Collimated,10,2.29E+16
20260416,196,Collimated,10,2.57E+13
20260416,197,Collimated,10,2.07E+16
20260416,198,Collimated,10,2.13E+16
20260416,199,Collimated,10,3.11E+16
20260416,200,Collimated,10,2.29E+16
20260416,201,Collimated,10,2.50E+14
20260416,202,Diffused,,
20260416,203,Diffused,10,1.75E+16
20260416,204,Collimated,,
20260416,205,Collimated,10,1.17E+16
20260416,206,Collimated,10,1.67E+15
20260416,207,Collimated,10,2.07E+16
20260416,208,Diffused,,
20260416,209,Diffused,,
20260416,210,Collimated,,
20260416,211,Collimated,10,2.36E+15
20260416,212,Diffused,10,1.63E+16
20260416,213,Diffused,0,0
20260416,214,Collimated,10,9.13E+15
20260416,215,Collimated,10,1.01E+16
20260416,216,Diffused,,
20260416,217,Diffused,,
20260416,218,Null,,
20260416,219,Null,,
20260416,220,Diffused,,
20260416,221,Null,,
20260416,222,Null,,
20260416,223,Diffused,,
20260416,224,Diffused,10,1.50E+15
20260416,225,Collimated,10,1.28E+16
20260416,226,Multiple,20,1.86E+15
20260416,227,Multiple,20,2.10E+16
20260416,228,Diffused,,
20260416,229,Multiple,20,2.57E+16
20260416,230,Multiple,10,3.37E+14
20260416,231,Null,,
20260416,232,Collimated,10,9.18E+15
20260416,233,Diffused,,
20260416,234,Null,,
20260416,235,Diffused,,
20260416,236,Diffused,,
20260416,237,Multiple,10,1.18E+15
20260416,238,Collimated,10,2.18E+16
20260416,239,Collimated,10,2.38E+16
20260416,240,Multiple,20,2.90E+16
20260416,241,Collimated,10,1.64E+15
20260416,242,Collimated,10,1.59E+16
20260416,243,Collimated,10,2.30E+16
20260416,244,Null,0,0
20260416,245,Collimated,10,1.35E+15
20260416,246,Diffused,,
20260416,247,Collimated,10,1.94E+16
20260416,248,Collimated,20,7.13E+15
20260416,249,Multiple,20,1.77E+16
20260416,250,Multiple,10,1.35E+15
20260416,251,Multiple,20,2.08E+16
20260416,252,Multiple,10,6.64E+13
20260416,253,Diffused,20,1.41E+16
20260416,254,Multiple,20,2.23E+16
20260416,255,Collimated,10,1.99E+16
20260416,256,Collimated,10,1.79E+16
20260416,257,Collimated,10,2.05E+16
20260416,258,Collimated,10,1.67E+16
20260416,259,Multiple,20,3.20E+16
20260416,260,Collimated,10,4.78E+16
20260416,261,Diffused,,
20260416,262,Collimated,10,1.38E+16
20260416,263,Collimated,10,1.06E+16
20260416,264,Null,,
20260416,265,Diffused,,
20260416,266,Collimated,10,3.35E+15
20260416,267,Collimated,10,1.23E+16
20260416,268,Multiple,30,1.89E+16
20260416,269,Collimated,10,1.53E+16
20260416,270,Collimated,10,1.03E+16
20260416,271,Collimated,10,1.36E+16
20260416,272,Collimated,10,2.54E+15
20260416,273,Multiple,20,2.12E+16
20260416,274,Null,,
20260416,275,Collimated,10,2.61E+16
20260416,276,Collimated,10,2.33E+16
20260416,277,Diffused,0,0
20260416,278,Collimated,10,1.98E+16
20260416,279,Null,0,0
20260416,280,Collimated,10,1.29E+16
20260416,281,Null,,
20260416,282,Collimated,10,8.69E+15
20260416,283,Collimated,10,1.41E+16
20260416,284,Null,,
20260416,285,Collimated,,
20260416,286,Diffused,,
20260416,287,Collimated,10,1.81E+15
20260416,288,Collimated,10,1.38E+16
20260416,289,Collimated,,
20260416,290,Null,,
20260416,291,Collimated,10,2.80E+15
20260416,292,Collimated,10,2.79E+15
20260416,293,Collimated,10,3.12E+15
20260416,294,Multiple,20,3.36E+15
20260416,295,Null,,
20260416,296,Collimated,10,3.43E+16
20260416,297,Null,,
20260416,298,Collimated,10,1.94E+16
20260416,299,Collimated,10,3.16E+16
20260416,300,Null,,
20260416,301,Collimated,10,7.81E+15
20260416,302,Diffused,,
20260416,303,Null,,
20260416,304,Null,,
20260416,305,Collimated,10,2.71E+14
20260416,306,Collimated,10,2.74E+16
20260416,307,Collimated,10,3.06E+15
20260416,308,Null,,
20260416,309,Collimated,10,3.15E+15
20260416,310,Multiple,20,2.53E+15
20260417,2,Collimated,10,1.61E+16
20260417,3,Collimated,10,2.10E+16
20260417,4,Collimated,10,2.11E+15
20260417,5,Diffused,,
20260417,6,Collimated,10,2.27E+16
20260417,7,Collimated,,
20260417,8,Diffused,10,3.28E+16
20260417,9,Collimated,10,3.17E+15
20260417,10,Collimated,10,3.49E+16
20260417,11,Diffused,10,2.46E+16
20260417,12,Collimated,10,2.43E+16
20260417,13,Collimated,10,2.68E+16
20260417,14,Collimated,10,2.56E+15
20260417,15,Collimated,10,2.15E+14
20260417,16,Collimated,10,1.58E+16
20260417,17,Collimated,10,2.19E+16
20260417,18,Collimated,,
20260417,19,Collimated,10,1.69E+16
20260417,20,Collimated,,
20260417,21,Null,,
20260417,22,Null,,
20260417,23,Diffused,0,0
20260417,24,Diffused,10,2.70E+15
20260417,25,Collimated,10,2.50E+16
20260417,26,Diffused,10,2.79E+16
20260417,27,Diffused,10,8.53E+15
20260417,28,Null,,
20260417,29,Collimated,10,2.09E+15
20260417,30,Collimated,10,2.56E+15
20260417,31,Collimated,10,3.13E+15
20260417,32,Collimated,10,2.22E+16
20260417,33,Collimated,10,1.51E+15
20260417,34,Null,,
20260417,35,Collimated,10,2.08E+16
20260417,36,Collimated,10,2.47E+15
20260417,37,Collimated,10,2.38E+16
20260417,38,Collimated,,
20260417,39,Collimated,10,2.32E+16
20260417,40,Collimated,10,2.79E+15
20260417,41,Null,,
20260417,42,Collimated,10,2.83E+16
20260417,43,Null,,
20260417,44,Collimated,,
20260417,45,Collimated,10,2.27E+15
20260417,46,Null,,
20260417,47,Collimated,10,3.10E+15
20260417,48,Collimated,10,2.32E+16
20260417,49,Collimated,,
20260417,50,Collimated,10,2.63E+16
20260417,51,Collimated,10,2.74E+16
20260417,52,Collimated,10,2.67E+16
20260417,53,Collimated,10,3.59E+15
20260417,54,Null,,
20260417,55,Collimated,10,2.82E+15
20260417,56,Collimated,10,2.80E+14
20260417,57,Collimated,10,3.11E+15
20260417,58,Collimated,10,3.88E+15
20260417,59,Collimated,10,3.32E+14
20260417,60,Collimated,10,2.42E+16
20260417,61,Collimated,10,2.67E+16
20260417,62,Collimated,10,3.31E+14
20260417,63,Collimated,10,3.46E+16
20260417,64,Collimated,10,1.53E+16
20260417,65,Collimated,,
20260417,66,Collimated,10,3.29E+16
20260417,67,Collimated,10,1.83E+15
20260417,68,Collimated,10,9.18E+15
20260417,69,Collimated,10,3.13E+16
20260417,70,Collimated,10,2.85E+16
20260417,71,Collimated,10,3.39E+16
20260417,72,Collimated,10,2.94E+16
20260417,73,Collimated,10,3.67E+16
20260417,74,Collimated,10,3.42E+16
20260417,75,Collimated,10,3.16E+15
20260417,76,Collimated,10,2.64E+16
20260417,77,Collimated,10,2.85E+15
20260417,78,Collimated,10,3.77E+15
20260417,79,Collimated,,
20260417,80,Collimated,10,2.75E+15
20260417,81,Collimated,10,2.88E+16
20260417,82,Collimated,10,2.38E+16
20260417,83,Collimated,10,3.06E+15
20260417,84,Null,,
20260417,85,Collimated,,
20260417,86,Collimated,10,3.48E+15
20260417,87,Collimated,10,2.92E+16
20260417,88,Collimated,10,2.76E+16
20260417,89,Diffused,10,1.66E+16
20260417,90,Collimated,10,2.31E+16
20260417,91,Diffused,10,3.70E+15
20260417,92,Null,,
20260417,93,Collimated,10,3.12E+16
20260417,94,Diffused,10,2.53E+15
20260417,95,Diffused,0,0
20260417,96,Diffused,10,2.77E+15
20260417,97,Multiple,10,6.52E+15
20260417,98,Collimated,10,3.43E+15
20260417,99,Collimated,10,3.61E+16
20260417,100,Collimated,10,3.27E+15
20260417,101,Collimated,10,2.90E+15
20260417,102,Collimated,10,2.17E+16
20260417,103,Collimated,10,2.96E+15
20260417,104,Collimated,10,2.40E+16
20260417,105,Collimated,10,3.03E+16
20260417,106,Collimated,10,3.31E+16
20260417,107,Collimated,10,3.37E+15
20260417,108,,,
20260417,109,,,
20260417,110,,,
20260417,111,,,
20260417,112,,,
20260417,113,,,
20260417,114,,,
20260417,115,,,
20260417,116,,,
20260417,117,,,
20260417,118,,,
20260417,119,,,
20260417,120,,,
20260417,121,,,
20260417,122,,,
20260417,123,,,
20260417,124,,,
20260417,125,,,
20260417,126,,,
20260417,127,,,
20260417,128,,,
20260417,129,,,
20260417,130,,,
20260417,131,,,
20260417,132,,,
20260417,133,,,
20260417,134,,,
20260417,135,,,
20260417,136,,,
20260417,137,,,
20260417,138,,,
20260417,139,,,
20260417,140,,,
20260421,4,Collimated,10,3.49E+16
20260421,5,Collimated,10,2.99E+15
20260421,6,Null,,
20260421,7,Null,,
20260421,8,Multiple,20,2.55E+15
20260421,9,Collimated,10,1.92E+16
20260421,10,Diffused,10,2.41E+16
20260421,11,Multiple,20,4.50E+15
20260421,12,Collimated,10,1.91E+16
20260421,13,Multiple,20,2.62E+16
20260421,14,Multiple,20,2.06E+15
20260421,15,Multiple,20,2.43E+16
20260421,16,Multiple,,
20260421,17,Collimated,10,2.15E+15
20260421,18,Diffused,10,6.65E+15
20260421,19,Null,,
20260421,20,Collimated,10,1.47E+16
20260421,21,Diffused,,
20260421,22,Diffused,,
20260421,23,Collimated,10,1.79E+15
20260421,24,Null,,
20260421,25,Null,,
20260421,26,Null,,
20260421,27,Null,,
20260421,28,Collimated,10,9.94E+15
20260421,29,Collimated,10,2.19E+16
20260421,30,Multiple,10,1.70E+16
20260421,31,Collimated,10,1.78E+16
20260421,32,Multiple,20,2.65E+15
20260421,33,Multiple,20,1.74E+16
20260421,34,Multiple,20,1.58E+16
20260421,35,Multiple,20,1.49E+16
20260421,36,Multiple,20,2.31E+15
20260421,37,Diffused,10,2.78E+16
20260421,38,Multiple,20,3.72E+15
20260421,39,Diffused,10,3.92E+14
20260421,40,Multiple,10,5.94E+15
20260421,41,Multiple,30,3.12E+14
20260421,42,Collimated,10,5.11E+15
20260421,43,Diffused,10,8.16E+15
20260421,44,Collimated,10,2.05E+15
20260421,45,Diffused,10,9.11E+15
20260421,46,Diffused,10,7.58E+15
20260421,47,Collimated,10,6.58E+15
20260421,48,Diffused,10,8.35E+15
20260421,49,Collimated,10,3.54E+16
20260421,50,Diffused,10,5.09E+15
20260421,51,Diffused,10,6.64E+15
20260421,52,Diffused,10,9.02E+15
20260421,53,Diffused,10,8.81E+15
20260421,54,Multiple,10,2.70E+16
20260421,55,Multiple,10,2.22E+16
20260421,56,Multiple,20,1.58E+15
20260421,57,Multiple,20,1.37E+16
20260421,58,Null,,
20260421,59,Multiple,20,1.16E+16
20260421,60,Collimated,10,2.03E+16
20260421,61,Collimated,10,1.08E+16
20260421,62,Multiple,20,2.44E+16
20260421,63,Collimated,10,2.43E+16
20260421,64,Multiple,20,1.79E+16
20260421,65,Multiple,20,3.29E+15
20260421,66,Multiple,20,2.48E+15
20260421,67,Multiple,20,2.25E+16
20260421,68,Multiple,20,2.50E+14
20260421,69,Multiple,20,2.36E+16
20260421,70,Diffused,10,3.60E+14
20260421,71,Diffused,10,6.50E+15
20260421,72,Multiple,10,4.57E+15
20260421,73,Multiple,10,7.98E+15
20260421,74,Diffused,10,9.12E+15
20260421,75,Multiple,10,6.52E+15
20260421,76,Diffused,10,8.67E+15
20260421,77,Multiple,20,3.17E+16
20260421,78,Multiple,10,2.27E+16
20260421,79,Multiple,20,2.49E+15
20260421,80,Multiple,20,2.34E+16
20260421,81,Multiple,20,3.26E+15
20260421,82,Collimated,10,1.62E+16
20260421,83,Multiple,10,1.77E+16
20260421,84,Collimated,10,1.32E+16
20260421,85,Null,,
20260421,86,Multiple,10,1.42E+16
20260421,87,Collimated,10,7.62E+15
20260421,88,Multiple,30,2.24E+15
20260421,89,Collimated,10,2.41E+16
20260421,90,Collimated,10,1.90E+16
20260421,91,Null,0,0
20260421,92,Multiple,20,2.29E+15
20260421,93,Collimated,10,2.34E+16
20260421,94,Collimated,10,1.63E+16
20260421,95,Collimated,10,1.63E+16
20260421,96,Collimated,10,1.37E+16
20260421,97,Diffused,,
20260421,98,Diffused,,
20260421,99,Diffused,,
20260421,100,Null,,
20260421,101,Null,,
20260421,102,Null,,
20260421,103,Null,,
20260421,104,Null,,
20260421,105,Collimated,,
20260421,106,Collimated,10,2.47E+16
20260421,107,Null,,
20260421,108,Collimated,,
20260421,109,Multiple,20,2.91E+16
20260421,110,Multiple,20,3.00E+15
20260421,111,Diffused,10,1.65E+16
20260421,112,Diffused,,
20260421,113,Null,,
20260421,114,Diffused,,
20260421,115,Collimated,10,2.84E+16
20260421,116,Collimated,10,2.11E+16
20260421,117,Multiple,20,3.05E+16
20260421,118,Null,,
20260421,119,Null,,
20260421,120,Collimated,10,3.16E+15
20260421,121,Collimated,10,3.66E+15
20260421,122,Multiple,20,3.23E+16
20260421,123,Collimated,10,1.89E+16
20260421,124,Null,,
20260421,125,Multiple,20,3.27E+16
20260421,126,Collimated,10,2.46E+16
20260421,127,Multiple,20,2.96E+16
20260421,128,Diffused,10,8.60E+15
20260421,129,Collimated,10,2.02E+15
20260421,130,Multiple,20,1.72E+16
20260421,131,Multiple,20,3.08E+16
20260421,132,Collimated,10,4.00E+16
20260421,133,Collimated,10,4.16E+15
20260421,134,Collimated,,
20260421,135,Collimated,10,3.22E+15
20260421,136,Multiple,10,8.18E+14
20260421,137,Diffused,10,3.97E+15
20260421,138,Collimated,10,3.47E+16
20260421,139,Collimated,10,2.76E+15
20260421,140,Null,,
20260421,141,Null,,
20260421,142,Diffused,10,3.96E+15
20260421,143,Collimated,10,2.37E+16
20260421,144,Multiple,20,2.35E+15
20260421,145,Diffused,10,3.95E+16
20260421,146,Collimated,10,3.23E+15
20260421,147,Null,0,0
20260421,148,Collimated,10,3.36E+15
20260421,149,Collimated,10,2.95E+16
20260421,150,Diffused,10,4.40E+16
20260421,151,Multiple,20,3.21E+16
20260421,152,Collimated,10,2.70E+15
20260421,153,Multiple,10,1.29E+15
20260421,154,Multiple,20,2.80E+16
20260421,155,Multiple,20,3.35E+15
20260421,156,Diffused,10,7.19E+15
20260421,157,Multiple,30,1.73E+16
20260421,158,Collimated,10,2.58E+15
20260421,159,Collimated,10,3.88E+16
20260421,160,Diffused,20,5.04E+15
20260421,161,Collimated,10,4.82E+14
20260421,162,Collimated,10,2.65E+15
20260421,163,Null,,
20260421,164,Diffused,10,7.80E+15
20260421,165,Diffused,10,4.55E+15
20260421,166,Multiple,20,2.78E+16
20260421,167,Diffused,10,3.92E+15
20260421,168,Diffused,10,8.04E+15
20260421,169,Collimated,10,3.56E+15
20260421,170,Multiple,20,2.75E+14
20260421,171,Collimated,10,3.18E+15
20260421,172,Collimated,10,2.40E+16
20260421,173,Collimated,10,4.00E+15
20260421,174,Collimated,10,3.33E+16
20260421,175,Null,,
20260421,176,Collimated,,
20260421,177,Null,,
20260421,178,Diffused,,
20260421,179,Collimated,10,2.72E+16
20260421,180,Null,,
20260421,181,Null,,
20260421,182,Collimated,10,2.81E+15
20260421,183,Null,,
20260421,184,Multiple,10,2.45E+16
20260421,185,Collimated,10,3.53E+16
20260421,186,Collimated,10,2.59E+16
20260421,187,Collimated,10,3.13E+15
20260421,188,Collimated,10,9.18E+15
20260421,189,Collimated,10,2.94E+16
20260421,190,Collimated,10,1.89E+15
20260421,191,Collimated,10,3.46E+16
20260421,192,Null,,
20260421,193,Multiple,20,3.13E+15
20260421,194,Multiple,20,3.54E+15
20260421,195,Multiple,30,2.05E+16
20260421,196,Multiple,20,3.59E+15
20260421,197,Collimated,10,2.50E+16
20260421,198,Multiple,20,2.68E+15
20260421,199,Diffused,10,7.28E+15
20260421,200,Multiple,10,2.33E+15
20260421,201,Diffused,10,4.30E+15
20260421,202,Multiple,20,1.62E+16
20260421,203,Multiple,20,3.50E+15
20260421,204,Collimated,10,1.70E+16
20260421,205,Diffused,,
20260421,206,Multiple,20,3.61E+15
20260421,207,Collimated,10,1.99E+16
20260421,208,Null,,
20260421,209,Null,,
20260421,210,Null,,
20260421,211,Collimated,,
20260421,212,Collimated,,
20260421,213,Diffused,,
20260421,214,Collimated,,
20260421,215,Collimated,,
20260421,216,Null,,
20260421,217,Null,,
20260421,218,Collimated,10,3.61E+16
20260421,219,Null,,
20260421,220,Collimated,,
20260421,221,Null,,
20260421,222,Collimated,10,3.39E+15
20260421,223,Collimated,10,2.10E+15
20260421,224,Null,,
20260421,225,Collimated,10,2.17E+16
20260421,226,Null,,
20260421,227,Multiple,20,2.89E+16
20260421,228,Multiple,20,3.52E+15
20260421,229,Collimated,10,2.91E+16
20260421,230,Collimated,10,3.08E+14
20260421,231,Collimated,10,3.23E+16
20260421,232,Collimated,10,2.95E+15
20260421,233,Collimated,10,3.40E+15
20260421,234,Collimated,10,3.34E+16
20260421,235,Null,,
20260421,236,Collimated,10,3.09E+16
20260421,237,Null,,
20260421,238,Null,,
20260421,239,Collimated,10,3.12E+15
20260421,240,Multiple,20,2.85E+15
20260421,241,Collimated,10,3.01E+16
20260421,242,Null,0,0
20260421,243,Collimated,10,3.24E+14
20260421,244,Null,,
20260421,245,Collimated,10,3.25E+16
20260421,246,Collimated,10,3.55E+15
20260421,247,Collimated,10,2.59E+15
20260421,248,Null,,
20260421,249,Collimated,10,3.44E+16
20260421,250,Null,,
20260421,251,Collimated,10,2.33E+16
20260421,252,Multiple,20,1.72E+16
20260421,253,Collimated,10,2.24E+15
20260421,254,Collimated,10,3.70E+14
20260422,5,Collimated,10,4.67E+16
20260422,6,Null,,
20260422,7,Null,0,0
20260422,8,Collimated,10,4.89E+15
20260422,9,Null,,
20260422,10,Null,,
20260422,11,Null,,
20260422,12,Null,,
20260422,13,Null,0,0
20260422,14,Null,,
20260422,15,Null,,
20260422,16,Null,,
20260422,17,Null,0,0
20260422,18,Collimated,10,2.08E+14
20260422,19,Collimated,10,3.41E+15
20260422,20,Collimated,,
20260422,21,Collimated,,
20260422,22,Diffused,10,1.59E+16
20260422,23,Diffused,10,2.50E+16
20260422,24,Null,,
20260422,25,Multiple,20,2.21E+16
20260422,26,Diffused,,
20260422,27,Diffused,0,0
20260422,28,Collimated,,
20260422,29,Diffused,,
20260422,30,Multiple,,
20260422,31,Diffused,0,0
20260422,32,Null,,
20260422,33,Multiple,10,2.23E+16
20260422,34,Diffused,,
20260422,35,Multiple,20,1.98E+16
20260422,36,Diffused,0,0
20260422,37,Null,0,0
20260422,38,Multiple,20,2.92E+15
20260422,39,Diffused,,
20260422,40,Collimated,10,1.77E+16
20260422,41,Null,,
20260422,42,Collimated,10,2.99E+16
20260422,43,Diffused,10,8.50E+15
20260422,44,Diffused,0,0
20260422,45,Collimated,10,2.41E+16
20260422,46,Null,,
20260422,47,Null,,
20260422,48,Null,,
20260422,49,Collimated,10,2.79E+15
20260422,50,Multiple,,
20260422,51,Collimated,10,2.71E+16
20260422,52,Multiple,20,2.71E+16
20260422,53,Multiple,10,5.57E+13
20260422,54,Multiple,10,7.25E+15
20260422,55,Multiple,20,3.21E+16
20260422,56,Multiple,20,1.22E+16
20260422,57,Multiple,10,5.40E+15
20260422,58,Diffused,10,8.44E+15
20260422,59,Multiple,10,4.01E+16
20260422,60,Diffused,10,8.93E+15
20260422,61,Diffused,10,7.82E+15
20260422,62,Diffused,10,5.43E+15
20260422,63,Diffused,10,7.33E+15
20260422,64,Multiple,20,3.55E+15
20260422,65,Collimated,10,2.71E+15
20260422,66,Multiple,20,2.99E+15
20260422,67,Multiple,20,1.75E+15
20260422,68,Null,,
20260422,69,Collimated,10,2.24E+16
20260422,70,Null,0,0
20260422,71,Collimated,10,4.52E+16
20260422,72,Null,,
20260422,73,Collimated,10,2.87E+16
20260422,74,Collimated,10,7.87E+15
20260422,75,Null,,
20260422,76,Collimated,,
20260422,77,Null,10,2.26E+16
20260422,78,Multiple,20,2.31E+16
20260422,79,Multiple,10,2.18E+16
20260422,80,Multiple,20,3.71E+15
20260422,81,Collimated,,
20260422,82,Multiple,20,3.17E+15
20260422,83,Multiple,20,2.27E+15
20260422,84,Multiple,20,2.43E+16
20260422,85,Multiple,40,3.55E+16
20260422,86,Multiple,20,3.63E+16
20260422,87,Diffused,10,8.35E+15
20260422,88,Collimated,10,1.25E+16
20260422,89,Collimated,10,2.83E+15
20260422,90,Collimated,,
20260422,91,Null,,
20260422,92,Null,,
20260422,93,Multiple,20,1.93E+15
20260422,94,Multiple,,
20260422,95,Multiple,20,1.82E+16
20260422,96,Null,,
20260422,97,Null,0,0
20260422,98,Multiple,20,3.45E+15
20260422,99,Diffused,10,5.52E+15
20260422,100,Multiple,20,4.15E+15
20260422,101,Diffused,10,2.94E+16
20260422,102,Multiple,20,3.56E+15
20260422,103,Collimated,10,3.56E+16
20260422,104,Collimated,10,3.91E+15
20260422,105,Multiple,10,2.80E+16
20260422,106,Multiple,10,2.67E+15
20260422,107,Multiple,20,4.48E+15
20260422,108,Null,,
20260422,109,Multiple,20,5.44E+15
20260422,110,Null,,
20260422,111,Multiple,,
20260422,112,Null,,
20260422,113,Null,,
20260422,114,Multiple,20,3.17E+16
20260422,115,Multiple,20,4.62E+15
20260422,116,Multiple,20,2.90E+15
20260422,117,Multiple,10,3.14E+16
20260422,118,Collimated,10,2.04E+15
20260422,119,Collimated,10,2.26E+16
20260422,120,Collimated,10,2.44E+16
20260422,121,Collimated,10,4.38E+16
20260422,122,Collimated,10,1.71E+16
20260422,123,Multiple,20,3.59E+14
20260422,124,Diffused,10,7.61E+15
20260422,125,Collimated,10,2.36E+16
20260422,126,Diffused,10,3.72E+16
20260422,127,Collimated,10,2.79E+16
20260422,128,Collimated,10,3.11E+15
20260422,129,Diffused,10,6.23E+15
20260422,130,Multiple,20,3.74E+15
20260422,131,Multiple,20,2.49E+16
20260422,132,Multiple,20,3.92E+16
20260422,133,Multiple,20,4.34E+16
20260422,134,Multiple,20,4.01E+14
20260422,135,Multiple,20,2.64E+15
20260422,136,Multiple,20,3.08E+15
20260422,137,Collimated,,
20260422,138,Multiple,,
20260422,139,Diffused,0,0
20260422,140,Null,,
20260422,141,Collimated,10,3.70E+15
20260422,142,Null,,
20260422,143,Collimated,10,3.16E+15
20260422,144,Null,,
20260422,145,Null,,
20260422,146,Multiple,20,3.95E+15
20260422,147,Collimated,10,2.83E+16
20260422,148,Multiple,20,3.53E+15
20260422,149,Multiple,30,2.97E+15
20260422,150,Multiple,30,2.97E+15
20260422,151,Multiple,20,2.78E+16
20260422,152,Multiple,,
20260422,153,Multiple,20,4.10E+15
20260422,154,Null,,
20260422,155,Multiple,20,2.64E+16
20260422,156,Collimated,10,2.61E+16
20260422,157,Collimated,10,2.56E+15
20260422,158,Diffused,10,2.64E+15
20260422,159,Multiple,30,2.17E+16
20260422,160,Multiple,20,3.96E+15
20260422,161,Multiple,20,4.81E+15
20260422,162,Collimated,10,3.45E+16
20260422,163,Collimated,10,3.24E+15
20260422,164,Multiple,20,3.36E+15
20260422,165,Multiple,20,2.77E+16
20260422,166,Multiple,10,3.02E+15
20260422,167,Multiple,10,3.12E+15
20260422,168,Multiple,20,4.22E+16
20260422,169,Null,,
20260422,170,Multiple,20,5.39E+15
20260422,171,Diffused,10,2.36E+16
20260422,172,Collimated,20,1.87E+15
20260422,173,Multiple,30,3.47E+16
20260422,174,Multiple,20,4.19E+16
20260422,175,Multiple,20,2.30E+16
20260422,176,Multiple,30,1.49E+16
20260422,177,Diffused,10,2.78E+15
20260422,178,Collimated,10,1.26E+15
20260422,179,Multiple,20,2.26E+16
20260422,180,Multiple,20,2.57E+16
20260422,181,Diffused,10,3.34E+15
20260422,182,Null,,
20260422,183,Multiple,20,3.37E+15
20260422,184,Collimated,10,2.63E+15
20260422,185,Collimated,10,2.35E+15
20260422,186,Collimated,10,2.56E+15
20260422,187,Diffused,20,3.86E+15
20260422,188,Diffused,10,3.42E+14
20260422,189,Multiple,20,3.25E+16
20260422,190,Multiple,20,2.41E+16
20260422,191,Multiple,20,1.58E+15
20260422,192,Multiple,20,2.71E+15
20260422,193,Diffused,,
20260422,194,Multiple,20,2.81E+16
20260422,195,Collimated,10,2.65E+16
20260422,196,Multiple,20,1.86E+16
20260422,197,Diffused,10,4.84E+15
20260422,198,Collimated,10,3.71E+16
20260422,199,Collimated,10,3.45E+16
20260422,200,Multiple,10,2.55E+16
20260422,201,Multiple,20,2.30E+16
20260422,202,Collimated,10,3.01E+16
20260422,203,Collimated,10,2.40E+16
20260422,204,Null,,
20260422,205,Multiple,20,3.70E+16
20260422,206,Null,,
20260422,207,Collimated,10,5.78E+15
20260422,208,Collimated,10,5.07E+15
20260422,209,Collimated,10,4.41E+15
20260422,210,Collimated,10,3.36E+15
20260422,211,Collimated,10,3.88E+16
20260422,212,Multiple,20,3.37E+16
20260422,213,Diffused,10,3.50E+15
20260422,214,Collimated,10,7.45E+15
20260422,215,Collimated,,
20260422,216,Null,,
20260422,217,Null,,
20260422,218,Null,,
20260422,219,Null,,
20260422,220,Null,,
20260423,2,Collimated,,
20260423,3,Multiple,10,3.74E+15
20260423,4,Collimated,10,4.27E+16
20260423,5,Multiple,10,5.91E+14
20260423,6,Multiple,20,4.58E+15
20260423,7,Null,,
20260423,8,Collimated,10,4.16E+15
20260423,9,Multiple,20,4.73E+15
20260423,10,Collimated,10,4.41E+15
20260423,11,Collimated,10,3.68E+15
20260423,12,Collimated,10,3.81E+15
20260423,13,Multiple,10,2.65E+15
20260423,14,Collimated,10,2.72E+16
20260423,15,Collimated,,
20260423,16,Collimated,10,4.47E+16
20260423,17,Multiple,20,4.36E+16
20260423,18,Collimated,10,4.32E+16
20260423,19,Null,,
20260423,20,Collimated,10,3.51E+16
20260423,21,Multiple,10,2.84E+15
20260423,22,Null,,
20260423,23,Null,,
20260423,24,Collimated,10,3.05E+14
20260423,25,Multiple,10,3.64E+15
20260423,26,Collimated,10,4.05E+14
20260423,27,Null,,
20260423,28,Null,0,0
20260423,29,Multiple,20,2.47E+15
20260423,30,Null,0,0
20260423,31,Null,,
20260423,32,Null,,
20260423,33,Collimated,10,2.27E+15
20260423,34,Collimated,10,2.64E+16
20260423,35,Null,0,0
20260423,36,Null,,
20260423,37,Null,,
20260423,38,Multiple,30,2.10E+16
20260423,39,Multiple,,
20260423,40,Multiple,10,2.94E+16
20260423,41,Collimated,10,2.19E+16
20260423,42,Collimated,10,3.07E+15
20260423,43,Null,,
20260423,44,Collimated,10,4.17E+15
20260423,45,Multiple,30,3.97E+15
20260423,46,Multiple,20,3.92E+15
20260423,47,Multiple,20,4.27E+16
20260423,48,Multiple,20,3.80E+16
20260423,49,Multiple,30,3.35E+16
20260423,50,Collimated,10,3.78E+16
20260423,51,Multiple,20,3.57E+15
20260423,52,Collimated,10,4.20E+16
20260423,53,Multiple,20,5.02E+15
20260423,54,Multiple,10,3.71E+16
20260423,55,Collimated,10,3.47E+16
20260423,56,Multiple,10,4.85E+15
20260423,57,Multiple,20,3.25E+14
20260423,58,Multiple,20,3.32E+16
