;;;Interaction parameters;;;;;;
Shot;General comments;Energy before compression (J) - calib k = 0,016231;Z - height (mm);X (mm);Y- Focus (mm);Beam_quality;Beam_Pointing;Charge(pC);
0;;0,33536;-8,6;1,3;2,05;N;;0;
1;;6,54674;-8,6;1,3;2,05;CB;F1;gui;
2;;0;-8,6;1,3;2,05;N;;gui;
3;;0;-8,6;1,3;2,05;N;;gui;
4;;;-8,6;1,3;2,05;C;F3;gui;
5;;6,76275;-8,6;1,3;2,05;C;G3;gui;
6;;6,86674;-8,6;1,3;2,15;N;;gui;
7;;;-8,6;1,3;2,15;N;;gui;
8;;6,97689;-8,6;1,3;1,95;CM;;gui;
9;mask_free;6,83634;-8,6;1,3;1,95;C;G3;130;
10;;7,08961;-8,6;1,3;1,95;C;H4;300;
11;;7,07463;-8,6;1,3;1,85;CM;;100;
12;;7,13029;-8,6;1,3;1,85;CB;H3;190;
13;;7,41444;-8,6;1,3;1,75;CM;;150;
14;;6,99847;-8,6;1,3;1,75;C;K3;150;
15;;7,08388;-8,6;1,3;1,65;C;H4;250;
16;filamented;7,29772;-8,6;1,3;1,65;F;;145;
17;;7,27014;-8,6;1,3;1,55;C;P2;155;
18;;7,22969;-8,6;1,3;1,55;D;;300;
19;no_electrons;7,27169;-8,6;1,3;1,45;N;;130;
20;;7,17351;-8,6;1,3;1,45;C;B1;285;
21;no_electrons;7,1093;-8,6;1,3;1,35;N;;240;
22;no_electrons;7,29286;-8,6;1,3;1,35;N;;200;
23;;7,18524;-8,6;1,3;2,25;C;G3;55;
24;no_electrons;7,04812;-8,6;1,3;2,25;N;;50;
25;no_electrons;7,31292;-8,6;1,3;2,35;N;;20;
26;no_electrons;7,20535;-8,6;1,3;2,35;N;;45;
27;no_electrons;7,00949;-8,6;1,3;1,95;N;;60;
28;;7,04868;-8,6;1,3;1,95;C;G4;65;
29;;6,99771;-8,6;1,3;1,95;C;A1;100;
30;;7,20252;-8,6;1,3;1,95;C;B0;95;
31;;7,32605;-8,6;1,3;1,95;C;G2;90;
32;;7,21211;-8,6;1,3;1,95;CM;I4;250;
33;;7,20071;-8,6;1,3;1,95;CB;A2;280;
34;;7,17743;-8,6;1,3;1,85;CB;A1;270;
35;;7,25837;-8,6;1,3;1,85;CB;B1;245;
36;;7,24643;-8,6;1,3;1,75;CM;A1;270;
37;;7,34163;-8,6;1,3;1,75;CM;J3;240;
38;;7,33224;-8,6;1,3;1,65;CM;;350;
39;;7,17228;-8,6;1,3;1,65;C;B1;240;
40;;7,16435;-8,6;1,3;1,55;D;;430;
41;;7,22693;-8,6;1,3;1,55;CM;;230;
42;;7,1013;-8,6;1,3;1,45;D;;305;
43;;7,31455;-8,6;1,3;1,45;D;;250;
44;;7,10158;-8,6;1,3;1,35;C;CENTER;290;
45;;7,17868;-8,6;1,3;1,35;D;;345;
46;;7,32588;-8,6;1,3;1,25;D;;340;
47;;7,27193;-8,6;1,3;1,25;D;;780;
48;;7,20851;-8,6;1,3;1,15;D;;300;
49;;7,14293;-8,6;1,3;1,15;C;K4;350;
50;;7,08971;-8,6;1,3;1,05;D;;410;
51;;7,13025;-8,6;1,3;1,05;D;;390;
52;;7,25989;-8,6;1,3;0,95;D;;470;
53;;7,11202;-8,6;1,3;0,95;D;;570;
54;;7,3372;-8,6;1,3;2,05;C;G2;230;
55;;7,07132;-8,6;1,3;2,05;CM;H4;220;
56;;;-8,6;1,3;2,15;CM;A2;145;
57;;7,10343;-8,6;1,3;2,15;CM;;100;
58;no_electrons;7,3506;-8,6;1,3;2,25;N;;90;
59;;7,10221;-8,6;1,3;2,25;CM;;95;
60;;7,16927;-8,6;1,3;2,25;C;H3;120;
61;;7,08544;-8,6;1,3;2,25;C;G2;50;
62;;7,13497;-8,6;1,3;2,15;CM;;220;
63;;7,13409;-8,6;1,3;2,15;C;G3;340;
64;;7,14153;-8,6;1,3;2,15;CM;A1;260;
65;;7,20942;-8,6;1,3;2,05;CM;G3;260;
66;;7,29509;-8,6;1,3;2,05;CM;A1;240;
67;;7,33352;-8,6;1,3;1,95;CM;B1;320;
68;;7,20025;-8,6;1,3;1,95;CM;H4;190;
69;;7,17924;-8,6;1,3;1,85;CM;A2;300;
70;;7,26286;-8,6;1,3;1,85;D;;270;
71;;7,17846;-8,6;1,3;1,75;D;;380;
72;;7,10651;-8,6;1,3;1,75;CB;B2;445;
73;;7,25442;-8,6;1,3;1,65;D;;475;
74;;7,12927;-8,6;1,3;1,65;D;;425;
75;;7,29547;-8,6;1,3;1,55;D;;410;
76;;7,21027;-8,6;1,3;1,55;D;;450;
77;;7,37428;-8,6;1,3;1,95;CM;B1;430;
78;;7,16013;-8,6;1,3;1,95;CB;B1;275;
79;;7,22476;-8,6;1,3;1,95;CM;F2;325;
80;;7,16072;-8,6;1,3;1,95;CM;;200;
81;;7,30376;-8,6;1,3;1,95;CM;K4;330;
82;;7,27298;-8,6;1,3;1,95;C;;100;NewConverge
83;;7,28319;-8,6;1,3;1,95;C;G4;125;
84;;7,22369;-8,6;1,3;1,95;C;A1;75;
85;no_electrons;7,2738;-8,6;1,3;1,95;N;;95;
86;;7,13611;-8,6;1,3;1,85;C;P0;135;
87;;7,12426;-8,6;1,3;1,85;C;J4;95;
88;;7,04444;-8,6;1,3;1,75;CM;I4;150;
89;;7,20176;-8,6;1,3;1,75;C;A1;120;
90;;7,20381;-8,6;1,3;1,65;C;A1;100;
91;;7,11271;-8,6;1,3;1,65;C;P1;75;
92;;7,19194;-8,6;1,3;1,55;CM;;150;
93;;7,17967;-8,6;1,3;1,55;C;A2;145;
94;;7,16116;-8,6;1,3;1,45;C;E2;155;
95;;7,23093;-8,6;1,3;1,45;C;F2;225;
96;;7,37213;-8,6;1,3;1,35;C;F2;200;
97;filamented;7,26676;-8,6;1,3;1,35;F;;80;
98;no_electrons;7,21258;-8,6;1,3;1,25;N;;200;
99;no_electrons;7,36255;-8,6;1,3;1,25;N;;145;
100;no_electrons;7,20597;-8,6;1,3;2,05;N;;25;
101;no_electrons;7,1826;-8,6;1,3;2,05;N;;35;
102;no_electrons;7,21176;-8,6;1,3;1,95;N;;30;
103;no_electrons;7,13964;-8,6;1,3;1,95;N;;45;
104;no_electrons;7,27242;-8,6;1,3;1,85;N;;50;
105;filamented;7,38475;-8,6;1,3;1,85;F;;75;
106;;7,21441;-8,6;1,3;1,75;C;A1;130;
107;no_electrons;7,19435;-8,6;1,3;1,75;N;;50;
108;filamented;7,16061;-8,6;1,3;1,65;F;;75;
109;;7,10139;-8,6;1,3;1,65;CM;A2;150;
110;;7,20435;-8,6;1,3;1,45;CM;B1;250;
111;;7,10322;-8,6;1,3;1,45;C;F2;180;
112;filamented;;-8,6;1,3;1,45;F;F1;170;
113;;7,14385;-8,6;1,3;1,45;D;;95;
114;;7,27739;-8,6;1,3;1,45;F;;105;
115;;7,24555;-8,6;1,3;1,95;C;G3;225;NewConverge
116;Magnet_OUT;7,07554;-8,6;1,3;1,95;C;G3;155;
117;Magnet_OUT;7,19886;-8,6;1,3;1,95;CM;G3;205;
118;Magnet_OUT,filamented;7,33871;-8,6;1,3;1,95;F;;50;
119;no_electrons;7,27904;-8,6;1,3;1,95;N;;55;
120;Magnet_OUT;7,28951;-8,6;1,3;1,95;C;F3;180;
121;Magnet_IN;7,11147;-8,6;1,3;1,95;C;F3;160;
122;;7,2997;-8,6;1,3;1,85;CM;F3;200;
123;;7,30263;-8,6;1,3;1,85;C;F4;125;
124;no_electrons;7,40321;-8,6;1,3;1,75;N;;95;
125;;7,33088;-8,6;1,3;1,75;D;;120;
126;;7,15774;-8,6;1,3;1,65;C;F4;175;
127;;7,45794;-8,6;1,3;1,65;CM;F3;140;
128;;7,34677;-8,6;1,3;1,55;D;;200;
129;;7,25681;-8,6;1,3;1,55;CM;G3;225;
130;;7,12423;-8,6;1,3;1,45;CM;G3;150;
131;;7,25786;-8,6;1,3;1,45;CM;C1;230;
132;;7,24163;-8,6;1,3;1,35;D;;150;
133;;7,09308;-8,6;1,3;1,35;D;;290;
134;filamented;7,20413;-8,6;1,3;1,25;F;E2;125;
135;;7,14493;-8,6;1,3;1,25;CB;C3;320;
136;;;-8,6;1,3;1,15;D;;318;
137;;7,25729;-8,6;1,3;1,15;CB;;160;
138;;7,24342;-8,6;1,3;2,05;C;F3;100;
139;;7,16535;-8,6;1,3;2,05;D;;115;
140;no_electrons;7,09552;-8,6;1,3;2,15;N;;60;
141;no_electrons;6,99057;-8,6;1,3;2,15;N;;40;
142;;7,14714;-8,6;1,3;1,95;D;;100;
143;;7,12331;-8,6;1,3;1,95;C;F3;105;
144;;7,24735;-8,6;1,3;1,95;CM;B0;155;
145;;7,14384;-8,6;1,3;1,95;D;;220;
146;;7,16564;-8,6;1,3;1,95;C;G4;140;
147;;7,47476;-8,6;1,3;1,95;D;;75;
148;;7,31404;-8,6;1,3;1,95;C;F3;205;
149;;7,12484;-8,6;1,3;1,85;C;H4;225;
150;;7,27186;-8,6;1,3;1,85;D;;220;
151;;7,32499;-8,6;1,3;1,75;D;;245;
152;;7,12946;-8,6;1,3;1,75;C;G4;225;
153;;7,28668;-8,6;1,3;1,65;C;G3;155;
154;;7,30307;-8,6;1,3;1,65;CM;;250;
155;;7,3522;-8,6;1,3;1,55;CM;A2;340;
156;;6,96414;-8,6;1,3;1,55;D;;275;
157;;7,1234;-8,6;1,3;1,45;CM;;200;
158;;7,12652;-8,6;1,3;1,45;C;L3;375;
159;;6,9656;-8,6;1,3;1,35;D;;500;
160;;7,16417;-8,6;1,3;1,35;D;;255;
161;;7,12353;-8,6;1,3;1,25;D;;680;
162;;7,41155;-8,6;1,3;1,25;C;K4;390;
163;no_electrons;7,14056;-8,6;1,3;1,15;N;;180;
164;;7,03155;-8,6;1,3;1,15;D;;280;
165;;7,28843;-8,6;1,3;1,05;D;;320;
166;;7,17684;-8,6;1,3;1,05;CM;;380;
167;;7,32022;-8,6;1,3;0,95;D;;600;
168;;7,18532;-8,6;1,3;0,95;D;;290;
169;;7,209;-8,6;1,3;2,05;C;G3;205;
170;;7,10787;-8,6;1,3;2,05;CM;G4;200;
171;;7,28704;-8,6;1,3;2,15;C;F3;240;
172;;7,13885;-8,6;1,3;2,15;C;G4;80;
173;;7,17088;-8,6;1,3;2,25;C;G3;245;
174;;7,18192;-8,6;1,3;2,25;C;H4;200;
175;no_electrons;7,27224;-8,6;1,3;2,35;N;;50;
176;filamented;7,29808;-8,6;1,3;2,35;F;;60;
177;filamented;7,14538;-8,6;1,3;2,25;F;;55;
178;no_electrons;7,03236;-8,6;1,3;2,25;N;;80;
179;;7,07259;-8,6;1,3;2,25;C;F3;75;
180;no_electrons;7,00011;-8,6;1,3;2,25;N;;40;
181;filamented;7,09894;-8,6;1,3;2,25;F;;70;
182;;7,03968;-8,6;1,3;2,15;C;F4;180;
183;filamented;7,20287;-8,6;1,3;2,15;F;;80;
184;;6,90445;-8,6;1,3;2,15;C;L4;140;
185;;7,16161;-8,6;1,3;2,15;C;G3;220;
186;;;-8,6;1,3;2,15;C;G3;100;
187;;7,28219;-8,6;1,3;2,15;C;F3;160;
188;;6,98605;-8,6;1,3;2,15;C;A1;80;
189;;7,10428;-8,6;1,3;2,15;C;F3;220;
190;;7,15011;-8,6;1,3;2,15;C;G3;75;
191;;6,95099;-8,6;1,3;2,05;D;;190;
192;no_electrons;7,08892;-8,6;1,3;2,05;N;;40;
193;;7,06257;-8,6;1,3;1,95;CM;;160;
194;;7,18372;-8,6;1,3;1,95;CM;G3;190;
195;;7,1605;-8,6;1,3;1,85;CM;;220;
196;;7,09735;-8,6;1,3;1,85;C;F3;240;
197;;7,22198;-8,6;1,3;1,75;C;F3;210;
198;;7,15182;-8,6;1,3;1,75;CM;F2;180;
199;;7,09758;-8,6;1,3;1,65;D;;380;
200;;7,28364;-8,6;1,3;1,65;CM;G3;160;
201;;7,26757;-8,6;1,3;1,55;D;;390;
202;;6,98365;-8,6;1,3;1,55;CM;B1;240;
203;;7,04223;-8,6;1,3;1,45;CM;F2;320;
204;;7,29425;-8,6;1,3;1,45;C;C1;190;
205;no_electrons;7,08474;-8,6;1,3;1,35;N;;280;
206;;6,9547;-8,6;1,3;1,35;CM;;440;
207;;7,11368;-8,6;1,3;2,25;C;G3;70;
208;no_electrons;7,2135;-8,6;1,3;2,25;N;;40;
209;no_electrons;7,00538;-8,6;1,3;2,35;N;;40;
210;no_electrons;7,17628;-8,6;1,3;2,35;N;;30;
211;no_electrons;7,04937;-8,6;1,3;2,15;N;;40;
212;filamented;7,20576;-8,6;1,3;2,15;F;;40;
213;filamented;7,05281;-8,6;1,3;2,15;F;;100;
214;filamented;7,01421;-8,6;1,3;2,15;F;;70;
215;filamented;7,18072;-8,6;1,3;2,15;F;H3;30;
216;no_electrons;7,08395;-8,6;1,3;2,15;N;;20;
217;no_electrons;6,99489;-8,6;1,3;2,05;N;;20;
218;;6,9284;-8,6;1,3;2,05;C;G3;40;
219;no_electrons;7,13521;-8,6;1,3;1,95;N;;30;
220;filamented;7,0939;-8,6;1,3;1,95;F;G3;30;
221;no_electrons;7,05449;-8,6;1,3;1,85;N;;25;
222;;6,90776;-8,6;1,3;1,85;C;F2;120;External_magnet?
223;;;-8,6;1,3;1,75;C;G3;90;
224;no_electrons;7,2141;-8,6;1,3;1,75;N;;40;
225;;7,06622;-8,6;1,3;1,65;C;G3;50;
226;no_electrons;7,06125;-8,6;1,3;1,65;N;;55;
227;;7,01891;-8,6;1,3;1,65;CM;F2;160;
228;;7,18946;-8,6;1,3;1,65;CM;F3;180;
229;;7,15595;-8,6;1,3;1,75;C;G3;120;
230;;7,13571;-8,6;1,3;1,75;C;G3;210;
231;;7,18029;-8,6;1,3;1,85;C;F3;140;
232;;7,11209;-8,6;1,3;1,85;C;G3;170;
233;;7,14089;-8,6;1,3;1,95;C;G3;100;
234;;7,16281;-8,6;1,3;1,95;C;G3;160;
235;no_electrons;7,05166;-8,6;1,3;2,05;N;;45;
236;;6,9755;-8,6;1,3;2,05;C;G3;100;
237;no_electrons;7,08452;-8,6;1,3;2,15;N;;40;
238;no_electrons;7,11542;-8,6;1,3;2,15;N;;40;
239;;7,03551;-8,6;1,3;1,95;C;F4;100;
240;;7,10831;-8,6;1,3;1,95;CM;G3;110;
241;;6,69325;-8,6;1,3;1,95;C;G4;180;
242;;6,88055;-8,6;1,3;1,95;D;;60;
243;;7,11423;-8,6;1,3;1,95;C;G4;160;
244;no_electrons;7,09862;-8,6;1,3;1,95;N;;70;
245;;7,29751;-8,6;1,3;1,95;C;G3;140;
246;;7,10454;-8,6;1,3;1,95;C;G3;100;
247;;6,96227;-8,6;1,3;1,95;C;F4;155;
248;no_electrons;6,79433;-8,6;1,3;1,95;N;;50;
249;;6,95197;-8,6;1,3;1,95;C;G3;80;
250;no_electrons;6,81992;-8,6;1,3;1,95;N;;10;
251;;6,99955;-8,6;1,3;1,95;C;G3;50;
252;;7,03673;-8,6;1,3;1,95;CB;;50;
253;;7,00887;-8,6;1,3;1,95;C;G4;50;
254;;7,02535;-8,6;1,3;1,95;C;G3;80;
255;Pointing_OUT;6,62589;-8,6;1,3;1,95;;pointing lanex out;200;
256;;6,7416;-8,6;1,3;1,95;;pointing lanex out;190;
257;;6,90316;-8,6;1,3;1,95;;pointing lanex out;240;
258;;6,95436;-8,6;1,3;1,95;;pointing lanex out;260;
259;;7,06325;-8,6;1,3;1,95;;pointing lanex out;240;
260;;6,82448;-8,6;1,3;1,95;;;80;
261;;7,03816;-8,6;1,3;1,95;;;170;
262;;6,94039;-8,6;1,3;1,95;;;210;
263;;6,85784;-8,6;1,3;1,95;;;160;
264;;6,91751;-8,6;1,3;1,95;;;220;
265;;6,91121;-8,6;1,3;1,95;;;170;
266;;6,90272;-8,6;1,3;1,95;;;170;
267;;6,79053;-8,6;1,3;1,95;;;240;
268;;6,98829;-8,6;1,3;1,95;;;180;
269;;6,96903;-8,6;1,3;1,95;;;140;
270;;7,029075;-8,6;1,3;1,95;;;170;
271;;6,86624;-8,6;1,3;1,95;;;200;
272;;7,05667;-8,6;1,3;1,95;;;190;
273;;6,7623;-8,6;1,3;1,95;;;160;
274;;6,76312;-8,6;1,3;1,95;;;150;
275;;6,88978;-8,6;1,3;1,95;;;230;
276;;6,80804;-8,6;1,3;1,95;;;280;
277;;6,93773;-8,6;1,3;1,95;;;200;
278;;6,86325;-8,6;1,3;1,95;;;200;
279;;6,90272;-8,6;1,3;1,95;;;140;
280;;6,99599;-8,6;1,3;1,95;;;190;
281;;6,7393;-8,6;1,3;1,95;;;200;
282;;6,8799;-8,6;1,3;1,95;;;180;
283;;6,73516;-8,6;1,3;1,95;;;220;
284;;6,9005;-8,6;1,3;1,95;;;200;
285;;6,99205;-8,6;1,3;1,95;;;100;
286;;6,88431;-8,6;1,3;1,95;;;300;
287;;6,65663;-8,6;1,3;1,95;;;165;
288;;6,81007;-8,6;1,3;1,95;;;250;
289;;;-8,6;1,3;1,95;;;180;
290;;6,60481;-8,6;1,3;1,95;;;170;
291;;;-8,6;1,3;1,95;;;160;
292;;6,9155;-8,6;1,3;1,95;;;240;
293;;6,82769;-8,6;1,3;1,95;;;180;
294;;6,79467;-8,6;1,3;1,95;;;170;
295;;6,7714;-8,6;1,3;1,95;;;190;
296;;6,95657;-8,6;1,3;1,95;;;200;
297;;6,90201;-8,6;1,3;1,95;;;260;
298;;6,95042;-8,6;1,3;1,95;;;200;
299;;6,97329;-8,6;1,3;1,95;;;260;
300;;6,79732;-8,6;1,3;1,95;;;180;
301;no_electrons;6,75265;-8,6;1,3;1,95;;;0;
302;mask_square;7,03434;-8,6;1,3;1,95;;;180;
303;;6,92753;-8,6;1,3;1,95;;;230;
304;;6,92744;-8,6;1,3;1,95;;;240;
305;;6,8159;-8,6;1,3;1,95;;;220;
306;;6,96697;-8,6;1,3;1,95;;;160;
307;;6,79377;-8,6;1,3;1,95;;;180;
308;;6,82641;-8,6;1,3;1,95;;;160;
309;;6,82982;-8,6;1,3;1,95;;;200;
310;;6,8733;-8,6;1,3;1,95;;;210;
311;;;-8,6;1,3;1,95;;;150;
312;;6,93643;-8,6;1,3;1,95;;;190;
313;;6,96182;-8,6;1,3;1,95;;;100;
314;;7,0039;-8,6;1,3;1,95;;;180;
315;;7,11107;-8,6;1,3;1,95;;;160;
316;;6,77355;-8,6;1,3;1,95;;;180;
317;;6,85603;-8,6;1,3;1,95;;;190;
318;;6,74829;-8,6;1,3;1,95;;;170;
319;;6,98603;-8,6;1,3;1,95;;;220;
320;;6,91085;-8,6;1,3;1,95;;;180;
321;;6,74942;-8,6;1,3;1,95;;;220;
322;;6,99254;-8,6;1,3;1,95;;;240;
323;;6,82124;-8,6;1,3;1,95;;;180;
324;;6,9501;-8,6;1,3;1,95;;;190;
325;;7,09289;-8,6;1,3;1,95;;;190;
326;;6,79974;-8,6;1,3;1,95;;;190;
327;;6,89296;-8,6;1,3;1,95;;;140;
328;;6,81664;-8,6;1,3;1,95;;;120;
329;;6,86896;-8,6;1,3;1,95;;;200;
330;;6,89461;-8,6;1,3;1,95;;;210;
331;;6,9458;-8,6;1,3;1,95;;;180;
332;;6,74119;-8,6;1,3;1,95;;;180;
333;;6,78699;-8,6;1,3;1,95;;;180;
334;;6,85311;-8,6;1,3;1,95;;;180;
335;;6,83501;-8,6;1,3;1,95;;;180;
336;;6,74342;-8,6;1,3;1,95;;;140;
337;;6,92305;-8,6;1,3;1,95;;;180;
338;;6,83463;-8,6;1,3;1,95;;;160;
339;;6,79055;-8,6;1,3;1,95;;;150;
340;;6,93732;-8,6;1,3;1,95;;;220;
341;;7,05278;-8,6;1,3;1,95;;;210;
342;;6,78465;-8,6;1,3;1,95;;;180;
343;;6,89089;-8,6;1,3;1,95;;;220;
344;;6,81046;-8,6;1,3;1,95;;;210;
345;;6,92461;-8,6;1,3;1,95;;;140;
346;END;;;;;;;;
